party,date,climate
150601,199910,0.03770197486535
150032,199910,0.0222752585521081
150061,200906,0.0109890109890109
150026,201110,0.0267379679144385
150301,199505,0.0179372197309417
150301,201310,0.0
150027,201110,0.0292314945780292
150025,200906,0.032258064516129
150025,201110,0.046979865771812
150025,201310,0.0
150202,199505,0.0444444444444444
150028,199910,0.0153061224489795
150201,199505,0.0310509554140127
150024,200906,0.0227272727272727
63321,199603,0.0460048426150121
63321,199810,0.0
63321,200111,0.0150943396226415
63110,200410,0.088235294117647
63110,200711,0.1568627450980392
63110,201008,0.0962009803921568
63110,201309,0.1927083333333333
63110,201607,0.1937842778793418
63110,201905,0.1465968586387434
63110,202205,0.1883821932681867
63320,199003,0.008714596949891
63320,199303,0.0223752151462994
63320,199603,0.0260999254287844
63320,199810,0.0
63320,200111,0.0176211453744493
63320,200410,0.021680216802168
63320,200711,0.0692041522491349
63320,201008,0.089605734767025
63320,201309,0.0584905660377358
63320,201607,0.0406026088554106
63320,201905,0.1020077720207253
63320,202205,0.0904806786050895
63621,201008,0.0757575757575757
63621,201309,0.0792207792207792
63621,201607,0.064516129032258
63621,201905,0.0628823097626621
63621,202205,0.0815223916436547
63620,199003,0.009090909090909
63620,199303,0.0179028132992327
63620,199810,0.0437956204379562
63620,200111,0.006060606060606
63620,200410,0.0061162079510703
63620,200711,0.0227272727272727
63620,201008,0.0757575757575757
63620,201309,0.0791180285343709
63620,201607,0.064516129032258
63620,201905,0.0628823097626621
63620,202205,0.0815223916436547
63810,199003,0.0190930787589498
63810,199303,0.102803738317757
63810,199810,0.0437956204379562
63810,200111,0.0112359550561797
63810,200410,0.0
63810,200711,0.2178217821782178
63410,201309,0.0166666666666666
42710,200610,0.0231729055258467
42710,200809,0.1357702349869451
42220,200809,0.0204081632653061
42420,199010,0.0281481481481481
42420,199410,0.0039840637450199
42420,199910,0.0168471720818291
42420,200211,0.0347896440129449
42420,200610,0.0773993808049535
42420,200809,0.0317460317460317
42420,201309,0.0
42420,201710,0.0442477876106194
42420,201909,0.0730593607305936
42520,199010,0.0761670761670761
42520,199410,0.025949953660797
42520,199512,0.015625
42520,199910,0.022883295194508
42520,200211,0.0328293736501079
42520,200610,0.0675600223338916
42520,200809,0.0114942528735632
42520,201309,0.0680497925311203
42520,201710,0.0425677995193958
42520,201909,0.0348189415041782
42320,199010,0.0672782874617737
42320,199410,0.0372250423011844
42320,199512,0.0464135021097046
42320,199910,0.0332187857961053
42320,200211,0.0341013824884792
42320,200610,0.0314735336194563
42320,200809,0.0424978317432784
42320,201309,0.0245901639344262
42320,201710,0.0470039468963042
42320,201909,0.068931560807484
42420,199512,0.0609756097560975
42421,199410,0.0071428571428571
42421,199512,0.0068027210884353
42120,201710,0.0
42951,201309,0.0226354082457558
42110,199410,0.2721804511278195
42110,199512,0.0672268907563025
42110,199910,0.0615058324496288
42110,200211,0.0395634379263301
42110,200610,0.0694444444444444
42110,200809,0.0959119496855346
42110,201309,0.0776900706273369
42110,201710,0.1210720887245841
42110,201909,0.172459304883414
42430,201309,0.0784688995215311
42430,201710,0.0073529411764705
42430,201909,0.0588737201365187
21521,199906,0.0090361445783132
21521,200305,0.0170480035890533
21521,200706,0.0557332115121059
21521,201006,0.0594302554027504
21521,201405,0.0655299917830731
21521,201905,0.0660775256075517
21521,199111,0.021505376344086
21521,199505,0.0139860139860139
21914,199111,0.0025773195876288
21914,199505,0.011456628477905
21914,199906,0.0110379961791551
21914,200305,0.0134014039566049
21917,200706,0.0207688908528502
21917,201006,0.0919881305637982
21917,201405,0.0340760157273918
21917,201905,0.0318805488297013
21421,199505,0.0141509433962264
21421,199906,0.0162481536189069
21421,200305,0.0275590551181102
21321,199111,0.033050333535476
21321,199505,0.0336927223719676
21321,199906,0.0419580419580419
21112,200706,0.1279806821611832
21112,201006,0.1165489404641776
21112,201405,0.0973747905417985
21112,201905,0.1005661005661005
21430,200706,0.1182432432432432
21430,201006,0.073170731707317
21112,199111,0.062200956937799
21112,199906,0.06187624750499
21112,200305,0.0826530612244898
21916,200706,0.0405797101449275
21916,201006,0.0478645066273932
21916,201405,0.040922619047619
21916,201905,0.0495926319518243
21421,200706,0.0232323232323232
21421,201006,0.0408035153797865
21421,201405,0.0485996705107084
21421,201905,0.0677083333333333
21913,199111,0.0336134453781512
21913,199505,0.0188784008883953
21915,199906,0.0204603580562659
21330,200706,0.0495540138751238
21321,200706,0.0256410256410256
21321,201006,0.0870511425462459
21321,201405,0.0505778177997898
21321,201905,0.0904064141553773
21221,200706,0.0785340314136125
21230,201405,0.0946887767363614
21230,201905,0.0840974212034384
21522,199111,0.0142602495543672
21522,199505,0.0075949367088607
21522,199906,0.0416666666666666
21912,201905,0.0264462809917355
21111,199111,0.0611814345991561
21111,200305,0.00625
21111,200706,0.0880303989867004
21111,201006,0.0648090169067
21111,201905,0.075419952005485
21912,199111,0.0097932535364526
21912,201405,0.024945295404814
21322,199111,0.0318754633061527
21322,199505,0.0241411327762302
21322,199906,0.0218818380743982
21322,200305,0.0192625206384149
21322,200706,0.0338487254492269
21322,201006,0.0452306314375279
21322,201405,0.0407495538370017
21322,201905,0.0436142979046174
21522,200305,0.0184331797235023
21522,200706,0.036475981662348
21522,201006,0.0340156088941245
21522,201405,0.0305333333333333
21522,201905,0.0631229235880398
21422,199111,0.0099009900990099
21423,199505,0.0086455331412103
21425,199906,0.0075784915193071
21710,201405,0.0419354838709677
21426,200706,0.0367904111869485
21426,201006,0.0341552511415525
21426,201405,0.0354585748380497
21426,201905,0.0487654320987654
151540,201410,0.128526645768025
151640,201410,0.0544993662864385
151250,200912,0.1468604047742605
151250,201410,0.0967184801381692
151640,200912,0.128680479825518
151062,200912,0.0
180230,199410,0.0433708482020312
180620,201810,0.046816479400749
180310,201010,0.0677691309987029
180311,202210,0.058080808080808
180230,202210,0.0586854460093896
180310,201410,0.0724971231300345
180310,200210,0.0317919075144508
180230,200210,0.0546153846153846
180310,200610,0.0431614349775784
180230,200610,0.0542372881355932
180230,201010,0.0492957746478873
180620,202210,0.0629194630872483
180310,199810,0.0351771603364771
180110,201010,0.2222222222222222
180240,200210,0.0431109185441941
180320,200210,0.0135746606334841
180231,200610,0.0214285714285714
180310,199410,0.0464166357222428
180710,199410,0.1108286731062531
180232,199810,0.0328947368421052
180251,201810,0.0326086956521739
180230,201810,0.0602409638554216
180310,201810,0.0581597222222222
180230,199810,0.0
180240,201410,0.0526577247888723
180230,201410,0.0723104056437389
80330,201410,0.0952380952380952
80221,201703,0.0482456140350877
80221,201410,0.0568181818181818
80630,201410,0.0330788804071246
80220,201305,0.0486111111111111
80510,200907,0.0692640692640692
80510,201305,0.0698198198198198
80510,201410,0.0943661971830985
80510,201703,0.0555555555555555
80221,200907,0.0458715596330275
80951,199412,0.0
80951,200907,0.0
80951,201305,0.0516129032258064
80951,201703,0.0094339622641509
80710,200907,0.0223880597014925
80710,201305,0.0374579124579124
80710,201410,0.074074074074074
80062,201410,0.0602409638554216
80061,201410,0.0988142292490118
80071,201703,0.0
80640,201703,0.0763636363636363
80811,199412,0.036697247706422
80410,199412,0.0212765957446808
62622,200011,0.0213776722090261
62623,200406,0.0394736842105263
62623,200601,0.0247787610619469
62623,200810,0.08125
62623,201510,0.0290482076637824
62623,201910,0.1117145073700543
62110,200810,0.1807838179519595
62110,201910,0.1694178974804517
62420,199310,0.0561797752808988
62420,199706,0.0289106866288074
62420,200011,0.0519480519480519
62420,200406,0.0452054794520547
62420,200601,0.0616907844630616
62420,200810,0.4049382716049383
62420,201510,0.0411361410381978
62420,201910,0.0847628657921291
62320,199706,0.0204429301533219
62320,200011,0.0418848167539267
62320,200406,0.1092715231788079
62320,200601,0.0704022988505747
62320,200810,0.1098191214470284
62320,201510,0.0574488802336903
62320,201910,0.0898598516075845
62620,199706,0.0082742316784869
62620,200011,0.045662100456621
62901,199706,0.006514657980456
62621,199706,0.0
62623,201105,0.0429906542056074
62420,201105,0.0992282249173098
62320,201105,0.1054216867469879
62620,199310,0.0
62901,200011,0.0453283996299722
62901,200406,0.0573961735884274
62901,200601,0.063368349711962
62901,200810,0.0929621848739495
62901,201105,0.0891692040017398
62901,201910,0.1263736263736263
155061,201311,0.0233602875112309
155026,201711,0.0274483970136144
155061,201711,0.0152173913043478
155501,201711,0.0464296209227152
155061,200912,0.0389354361754558
155021,199312,0.0103931314957071
155021,200512,0.0281837160751565
155021,200912,0.060576923076923
155024,201311,0.0513780197346036
155601,200512,0.0
155602,200512,0.0174912543728135
155021,201711,0.03875
155021,201311,0.0362017804154302
155025,200512,0.0427350427350427
155061,199312,0.0175029171528588
152424,200605,0.0
152321,200605,0.0
152321,201005,0.025
152031,201405,0.0286144578313253
152622,200205,0.0402592971682019
152622,200605,0.0464428002276607
152981,201805,0.0354166666666666
152621,201005,0.0
152621,201405,0.0309734513274336
152421,200205,0.0175438596491228
152421,200605,0.0
152421,201005,0.0
152021,201805,0.0753880266075388
152623,201405,0.0382882882882882
152062,201805,0.0089686098654708
152111,201405,0.0
152111,201005,0.0419580419580419
152311,200205,0.0
152331,200605,0.0
152041,201405,0.0524079320113314
152422,201005,0.0217391304347826
152952,201005,0.0336134453781512
152612,200205,0.0294117647058823
153322,201402,0.0681198910081744
153322,201802,0.0350661334973854
153331,200202,0.0227272727272727
153331,200602,0.0669406928948913
153331,201002,0.0455940377027619
153331,201402,0.0368
153420,200202,0.0115606936416184
153420,200602,0.0124688279301745
153420,201002,0.0260303687635574
153420,201402,0.0505520046484602
153620,201802,0.0101010101010101
153321,199002,0.0442427680090754
153321,199402,0.003610108303249
153321,199802,0.013029315960912
153321,200202,0.0239554317548746
153321,200602,0.0368932038834951
153321,201002,0.0588928150765606
153321,201402,0.0684210526315789
153321,201802,0.0626702997275204
153522,201802,0.0130378096479791
153523,201802,0.0702247191011236
153521,199002,0.0280012874155133
153521,199402,0.0318411097099621
153521,199802,0.0292307692307692
153521,200202,0.0387840670859538
153521,200602,0.0254065040650406
153521,201002,0.07125
153521,201402,0.059380378657487
153521,201802,0.062645011600928
81460,201511,0.0625
81460,201609,0.0426098535286285
81460,202007,0.031413612565445
81043,201609,0.0085106382978723
81041,200711,0.0287277701778385
81042,200311,0.0229729729729729
81021,200001,0.0182370820668693
81032,201511,0.0673076923076923
81952,200711,0.0054945054945054
81952,201112,0.0295652173913043
81952,201511,0.0
81711,200311,0.0128
81711,200711,0.046984572230014
81711,201112,0.0516717325227963
81711,201609,0.0593719332679097
81711,202007,0.0508548882069267
81230,201112,0.032
81957,200311,0.0058823529411764
81713,200001,0.0231213872832369
81713,200311,0.0
81810,200001,0.0
81810,200311,0.016359918200409
81810,201112,0.0736196319018405
81712,200001,0.0615384615384615
81712,200311,0.0109289617486338
81712,200711,0.1015384615384615
81712,202007,0.0430379746835443
81091,201609,0.0350877192982456
81960,201511,0.0304147465437788
81440,201112,0.0
81953,200001,0.0
81953,200711,0.0518134715025906
81032,201112,0.0229555236728837
81411,200001,0.0
81411,200311,0.0230263157894736
81961,201511,0.0
81714,202007,0.0813559322033898
81310,202007,0.0640569395017793
81091,201511,0.0
81044,202007,0.0269461077844311
81061,201511,0.0541176470588235
81450,201511,0.0884718498659517
81450,202007,0.1470588235294117
81032,201609,0.0740524781341107
81032,202007,0.0285326086956521
81220,200311,0.028735632183908
81220,200711,0.0192307692307692
81240,202007,0.0660569105691056
81245,202007,0.0629514963880289
55340,201605,0.05078125
55711,200605,0.0112945264986967
55711,201105,0.0
55711,201605,0.0094637223974763
55422,200605,0.0
55422,201105,0.0804020100502512
55422,201605,0.0923076923076923
55110,200605,0.078005115089514
55110,201105,0.0845070422535211
55430,200605,0.0361544782251437
55430,201105,0.0304347826086956
55110,201605,0.25
55720,201605,0.0204081632653061
55321,200605,0.0192483959670027
55321,201105,0.0402684563758389
55321,201605,0.0092592592592592
55322,200605,0.0221169036334913
55322,201105,0.0165289256198347
55322,201605,0.0
55610,201605,0.0136054421768707
82430,201310,0.0405405405405405
82430,201710,0.0240213523131672
82710,200206,0.0116731517509727
82523,200606,0.019094766619519
82523,201005,0.0388059701492537
82523,201310,0.0857908847184986
82523,201710,0.0324324324324324
82413,200606,0.0221378874130297
82413,201005,0.0542071197411003
82413,201310,0.0391872278664731
82413,201710,0.0417827298050139
82220,200606,0.0293040293040293
82220,201005,0.0248226950354609
82220,201310,0.0366300366300366
82220,201710,0.039787798408488
82953,201710,0.0317460317460317
82320,200206,0.0099667774086378
82320,200606,0.0230905861456483
82320,201005,0.044529262086514
82320,201310,0.0727272727272727
82320,201710,0.0278260869565217
82721,201710,0.0707070707070707
82110,200606,0.1277868406742795
82110,201005,0.0596308566019876
82110,201310,0.0953436807095343
82610,201710,0.052734375
82952,201005,0.0265282583621684
82720,201310,0.0426229508196721
82530,201005,0.0691114245416079
82530,201310,0.0174050632911392
82530,201710,0.0444033302497687
13110,201506,0.0609756097560975
13110,201906,0.0447976878612716
13330,199012,0.0
13330,199409,0.0178571428571428
13330,199803,0.0182648401826484
13330,200502,0.0
13520,200502,0.0036630036630036
13520,199409,0.0229885057471264
13520,199803,0.0113636363636363
13520,200111,0.0922222222222222
13620,199012,0.0
13620,199409,0.0
13620,199803,0.016
13620,200111,0.0259740259740259
13620,200502,0.0
13620,200711,0.0629921259842519
13620,201109,0.0
13620,201506,0.0
13620,201906,0.055045871559633
13720,199803,0.0
13720,200111,0.0191713048855906
13720,200502,0.0
13720,200711,0.0192307692307692
13720,201109,0.0105540897097625
13720,201506,0.0
13720,201906,0.0105263157894736
13410,199409,0.0
13410,199803,0.0056179775280898
13410,200111,0.0
13410,200502,0.0114942528735632
13410,200711,0.0784313725490196
13410,201109,0.0205479452054794
13410,201506,0.0625
13410,201906,0.0951612903225806
13001,201109,0.0212765957446808
13001,201506,0.0277777777777777
13001,201906,0.072463768115942
13420,199012,0.0076335877862595
13420,199409,0.027027027027027
13420,199803,0.027027027027027
13420,200111,0.0333333333333333
13420,200502,0.0181818181818181
13420,200711,0.1783439490445859
13420,201109,0.00836820083682
13420,201506,0.0
13420,201906,0.056338028169014
13001,200711,0.1132075471698113
13951,199012,0.0
13951,199409,0.0235690235690235
13951,199803,0.0
13229,199409,0.036144578313253
13229,199803,0.0232558139534883
13229,200502,0.0368852459016393
13229,200711,0.159375
13229,201109,0.1119005328596802
13229,201506,0.036036036036036
13229,201906,0.0798611111111111
13320,199012,0.0138888888888888
13320,199409,0.0141509433962264
13320,199803,0.0049261083743842
13320,200111,0.0163934426229508
13320,200502,0.0193548387096774
13320,200711,0.0743801652892562
13320,201109,0.0459770114942528
13320,201506,0.0245614035087719
13320,201906,0.0828877005347593
13230,199012,0.1032608695652173
13230,199409,0.0404463040446304
13230,199803,0.0358306188925081
13230,200111,0.0217391304347826
13230,200502,0.0415879017013232
13230,200711,0.1388888888888889
13230,201109,0.056701030927835
13230,201506,0.1111111111111111
13230,201906,0.0843949044585987
13730,201906,0.0350076103500761
168331,199605,0.0450289790459206
168331,200005,0.0346456692913385
168331,200405,0.0335264900662251
168331,200805,0.060197197716658
168331,201205,0.0536193029490616
168331,201605,0.041046995835812
168321,201205,0.0608108108108108
168322,201605,0.0541353383458646
154712,201302,0.0073529411764705
154712,201702,0.0057471264367816
154321,200210,0.0298507462686567
154031,200610,0.0326797385620915
154951,200610,0.1428571428571428
154711,200210,0.010204081632653
154711,200610,0.0721500721500721
154711,200904,0.0397727272727272
154952,200610,0.1041666666666666
154952,200904,0.0287769784172661
154952,201702,0.0294117647058823
154021,201302,0.0447504302925989
154322,200610,0.0608187134502924
154322,200904,0.0409181636726546
154322,201302,0.0522875816993464
154322,201702,0.0515643105446118
154521,199605,0.0147783251231527
154521,200210,0.0987261146496815
154521,200610,0.1435643564356435
154521,201702,0.0331950207468879
83720,201503,0.0489977728285077
83720,201903,0.0632530120481927
83411,199903,0.0342205323193916
83411,200703,0.0635294117647058
83411,201103,0.0460251046025104
83411,201503,0.0559646539027982
83411,201903,0.0519337016574585
83110,200703,0.1784037558685446
83110,201103,0.1043478260869565
83612,200703,0.0733333333333333
83612,201103,0.0390625
83430,200703,0.0438311688311688
83430,201103,0.0829220138203356
83430,201503,0.0503978779840848
83430,201903,0.0531073446327683
83440,201503,0.0672823218997361
83611,201903,0.0597701149425287
83611,200703,0.0521739130434782
83611,201103,0.0663811563169164
83611,201503,0.0613207547169811
83410,200703,0.074438202247191
83410,201103,0.1059390048154093
83410,201503,0.0829875518672199
83410,201903,0.0637931034482758
14520,200303,0.04
14520,200703,0.0935251798561151
14520,201104,0.0559757942511346
14520,201504,0.0604490500863557
14520,201904,0.0951492537313432
14810,199103,0.0491803278688524
14810,199503,0.1666666666666666
14810,199903,0.02
14810,200303,0.0336134453781512
14810,200703,0.1141732283464567
14810,201104,0.033271719038817
14810,201504,0.0829493087557603
14810,201904,0.0739957716701902
14520,199103,0.0310077519379844
14520,199503,0.0434782608695652
14320,199103,0.0253164556962025
14320,199503,0.0
14320,199903,0.0
14320,200303,0.0145631067961165
14320,200703,0.0538461538461538
14320,201104,0.0916808149405772
14320,201504,0.0497737556561085
14320,201904,0.1097046413502109
14110,199103,0.1274509803921568
14110,199503,0.1492537313432835
14110,199903,0.1737089201877934
14110,200303,0.0959752321981424
14110,200703,0.1681681681681681
14110,201104,0.1134521880064829
14110,201504,0.1596958174904943
14110,201904,0.1239436619718309
14223,199103,0.0454545454545454
14223,199503,0.0303030303030303
14223,200303,0.0333333333333333
14223,200703,0.0961038961038961
14223,201104,0.0489130434782608
14223,201504,0.0699815837937384
14223,201904,0.110912343470483
14440,201904,0.1538461538461538
14620,199103,0.0277777777777777
14620,199503,0.0354609929078014
14620,199903,0.0651515151515151
14620,200303,0.0372670807453416
14620,200703,0.0722222222222222
14620,201104,0.0308056872037914
14620,201504,0.0898550724637681
14620,201904,0.0991735537190082
14901,199103,0.0508474576271186
14901,199503,0.021505376344086
14901,199903,0.0087719298245614
14901,200303,0.0830324909747292
14901,201504,0.0666666666666666
14901,201904,0.0584551148225469
14820,200303,0.0470588235294117
14820,200703,0.0445969125214408
14820,201104,0.074354127284184
14820,201504,0.0570299265951439
14820,201904,0.1189591078066914
14430,199503,0.0
14901,200703,0.0476190476190476
14901,201104,0.0238095238095238
31631,201206,0.0449438202247191
31624,199303,0.0
31624,199705,0.0
31624,200206,0.0246768507638072
31624,200706,0.0278450363196125
31624,201206,0.0541125541125541
31624,201706,0.0508849557522123
31111,199705,0.0163043478260869
31110,199303,0.056910569105691
31110,199705,0.0851063829787234
31110,200206,0.0803571428571428
31110,200706,0.0789679437060203
31110,201206,0.0717522658610271
31110,201706,0.1181818181818181
31220,199303,0.0289389067524115
31220,199705,0.0303030303030303
31220,200206,0.0240963855421686
31220,200706,0.0319488817891373
31220,201706,0.0571428571428571
31240,201706,0.0620689655172413
31021,201206,0.0494437577255871
31230,201206,0.0402414486921529
31230,201706,0.0391061452513966
31720,199705,0.021505376344086
31720,200206,0.031959629941127
31720,200706,0.0250746268656716
31720,201206,0.0433436532507739
31720,201706,0.0378151260504201
31630,201206,0.0501750291715285
31421,201206,0.067251461988304
31625,199303,0.0146484375
31625,199705,0.0
31626,200206,0.1
31425,201706,0.0194444444444444
31320,199303,0.0150375939849624
31320,199705,0.0075471698113207
31320,200206,0.0054945054945054
31320,200706,0.0349544072948328
31320,201206,0.0553191489361702
31320,201706,0.0921052631578947
31626,200706,0.0439210693825588
31626,201706,0.0311284046692607
31626,201206,0.0226843100189035
31430,201706,0.0311284046692607
41113,199410,0.0676779463243874
41113,199809,0.0660869565217391
41113,200209,0.0745486313337216
41113,200509,0.0739018087855297
41113,200909,0.1109007303218826
41113,201309,0.104007123775601
41113,201709,0.1002597402597402
41113,202109,0.1281075596144089
41953,201309,0.0789473684210526
41953,201709,0.0483383685800604
41953,202109,0.0681570338058887
41521,199012,0.0481012658227848
41521,199410,0.0387779083431257
41521,199809,0.0253378378378378
41521,200209,0.0395894428152492
41521,200509,0.0436835891381345
41521,200909,0.0784898161947342
41521,201309,0.0566746329805394
41521,201709,0.0575485799701046
41521,202109,0.0902679830747531
41420,199012,0.0517821116341627
41420,199410,0.0448227936066712
41420,199809,0.0399295361127422
41420,200209,0.0327552986512524
41420,200509,0.0422535211267605
41420,200909,0.0806941431670281
41420,201309,0.065050038491147
41420,201709,0.0516160154365653
41420,202109,0.0779735682819383
41221,199809,0.0291164658634538
41221,200209,0.0238907849829351
41952,201309,0.048169556840077
41320,199012,0.1359649122807017
41320,199410,0.0784530386740331
41320,199809,0.0293072824156305
41320,200209,0.0281524926686217
41320,200509,0.0451127819548872
41320,200909,0.0663677130044843
41320,201309,0.0637137989778535
41320,201709,0.051704327843738
41320,202109,0.0906963136337039
41912,202109,0.0830985915492957
41223,200909,0.074051776038531
41223,201309,0.0606902023006743
41223,201709,0.0533980582524271
41223,202109,0.0921052631578947
41222,200509,0.0375203915171288
34020,200403,0.0064935064935064
34020,200709,0.0166666666666666
34020,200910,0.0
34020,201205,0.0213143872113676
34212,201501,0.0377358490566037
34212,201509,0.0381944444444444
34212,201907,0.0469483568075117
34212,201206,0.048454469507101
34210,200403,0.0
34210,200709,0.0071428571428571
34210,200910,0.0
34210,201205,0.0108695652173913
34210,201206,0.0118343195266272
34210,201501,0.0
34210,201509,0.008695652173913
34210,201907,0.0042553191489361
34213,201205,0.0346715328467153
34213,201206,0.0346715328467153
34215,201907,0.0556492411467116
34720,201205,0.0051546391752577
34720,201206,0.0051546391752577
34720,201501,0.1025641025641025
34720,201907,0.0502283105022831
34711,201907,0.0498951781970649
34730,201205,0.0259740259740259
34730,201206,0.0259740259740259
34730,201501,0.0
34315,201907,0.0181818181818181
34511,200403,0.0082174462705436
34511,200709,0.0114777618364418
34511,200910,0.0795724465558194
34511,201205,0.0327868852459016
34511,201206,0.0327868852459016
34511,201501,0.0342857142857142
34511,201509,0.0081466395112016
34511,201907,0.0411764705882352
34313,200403,0.0502426491578646
34313,200709,0.0506276150627615
34313,200910,0.0518465909090909
34313,201205,0.0352112676056338
34313,201206,0.0
34313,201501,0.0385906040268456
34313,201509,0.0485436893203883
34710,200709,0.0341207349081364
34710,201205,0.0363372093023255
34214,201509,0.0213675213675213
34211,199609,0.0067567567567567
34340,201501,0.0235017626321974
34410,201509,0.009946949602122
86421,201804,0.0112359550561797
86421,200604,0.0330123796423658
86421,201004,0.0130111524163568
86421,201404,0.0059523809523809
86422,200204,0.0126201923076923
86522,199805,0.0298627925746569
86221,201404,0.0328218243819266
86221,201804,0.0315832649712879
86111,201804,0.0529172320217096
86521,200604,0.0294438386041439
86320,199405,0.0169172932330827
86320,201004,0.0227272727272727
86220,200204,0.0
86220,200604,0.0059970014992503
86220,201004,0.0503311258278145
86220,201404,0.0129870129870129
86220,201804,0.0260736196319018
86810,200204,0.0060240963855421
86710,201004,0.0319426336375488
86710,201404,0.0488353085410706
86710,201804,0.0207948243992606
86110,201004,0.0686065767683936
86110,201404,0.0835245525470399
86110,201804,0.059001512859304
86340,201404,0.0188335358444714
86340,201804,0.0259740259740259
53240,201602,0.0669456066945606
53221,199211,0.0144404332129963
53221,199706,0.0268456375838926
53520,199211,0.0
53520,199706,0.0268317853457172
53520,200205,0.0265060240963855
53520,200705,0.0522979397781299
53520,201102,0.0652567975830815
53520,201602,0.0430561418319966
53520,202002,0.0588999566912083
53110,199211,0.0797872340425532
53110,199706,0.05
53110,200205,0.0619307832422586
53110,200705,0.0495283018867924
53110,201102,0.0795795795795795
53110,201602,0.1118508655126498
53110,202002,0.1644908616187989
53981,201602,0.0
53320,199211,0.0118421052631578
53320,199706,0.0194850382741823
53320,200205,0.0220768601798855
53320,200705,0.055817610062893
53320,201102,0.0541516245487364
53320,201602,0.0414912808177991
53320,202002,0.0632183908045977
53231,201602,0.0710227272727272
53231,202002,0.059612518628912
53420,199211,0.0063694267515923
53420,199706,0.0177133655394524
53420,200705,0.0513282305267897
53321,201602,0.0555555555555555
53321,202002,0.0378197997775305
53230,201102,0.0142857142857142
53620,199211,0.0173410404624277
53620,199706,0.0387972841901066
53620,200205,0.0192043895747599
53620,200705,0.0487117552334943
53620,201102,0.0279720279720279
53620,201602,0.0264631043256997
53620,202002,0.0452328159645232
53952,202002,0.0330851943755169
53021,201102,0.0294117647058823
53951,200205,0.0181623931623931
53951,200705,0.0460878885316184
53951,201102,0.0323076923076923
53951,201602,0.0357142857142857
53951,202002,0.0511247443762781
53250,201602,0.0317460317460317
72450,201503,0.0193298969072164
72041,201904,0.0123329907502569
72041,201909,0.0123329907502569
72041,202003,0.0123329907502569
72041,202103,0.0144927536231884
72413,200301,0.0
72430,200603,0.0157232704402515
72430,200902,0.0208333333333333
72625,200603,0.0
72625,200902,0.0059171597633136
72625,201503,0.0
72625,201909,0.0
72625,202003,0.0
72625,202103,0.0276243093922651
72323,200902,0.0187667560321715
72323,201301,0.031858407079646
72323,202103,0.0184049079754601
72323,200301,0.0028653295128939
72323,200603,0.0
72091,201503,0.0
72091,202003,0.0253164556962025
72031,202003,0.0
72326,200301,0.0203174603174603
72624,200301,0.0079365079365079
72710,202103,0.0056899004267425
72072,201909,0.0
72072,202003,0.0
72072,202103,0.0397553516819571
72533,200301,0.0
72533,200603,0.0
72533,200902,0.0
72533,201503,0.0
72622,200301,0.0
72622,200603,0.0254924681344148
72622,200902,0.0099667774086378
72622,201503,0.027027027027027
72701,201301,0.0294117647058823
72701,201503,0.0309278350515463
72440,201301,0.0346070656092285
72440,201503,0.0170253774494057
72440,202103,0.0337394564198687
72328,201503,0.0261011419249592
32904,201302,0.032033426183844
32906,201302,0.0
32630,201803,0.0112359550561797
32630,201302,0.0392561983471074
32521,199604,0.0
32520,199204,0.0358285348688419
32460,201302,0.037940379403794
32021,201302,0.0218818380743982
32090,201803,0.0
32212,199204,0.0373831775700934
32212,199403,0.0172413793103448
32212,199604,0.023391812865497
32212,200105,0.030392156862745
32421,200105,0.0236842105263157
32529,199604,0.0108991825613079
32450,201302,0.0644391408114558
32440,200804,0.0542986425339366
32440,201302,0.0195121951219512
32440,201803,0.0434096290449881
32220,199204,0.0118577075098814
32220,199403,0.0
32220,200105,0.0236842105263157
32901,200105,0.0174418604651162
32956,201302,0.1910828025477707
32956,201803,0.1354462550455972
32031,201803,0.0524475524475524
32610,199403,0.0047169811320754
32610,199604,0.0
32610,200105,0.026275115919629
32610,201803,0.0421052631578947
32110,199204,0.0933333333333333
32110,199403,0.065
32110,199604,0.1148936170212766
32629,200105,0.0205479452054794
32330,199204,0.0148148148148148
32520,199403,0.0021052631578947
32520,199604,0.027027027027027
32321,199604,0.0
32410,199204,0.0172413793103448
32710,199204,0.0
32320,199204,0.0116580310880829
32022,201803,0.1026252983293556
32640,201302,0.0145985401459854
32720,201803,0.0649847094801223
32230,201302,0.0776699029126213
32902,200105,0.0416988416988417
32902,200804,0.0625
32451,201803,0.0508083140877598
32710,199403,0.009009009009009
32710,199604,0.0129573170731707
32710,200105,0.026275115919629
32611,200105,0.0263565891472868
32720,199403,0.0276548672566371
32720,199604,0.0212765957446808
32720,200105,0.0263565891472868
32720,200804,0.0365853658536585
32720,201302,0.0491071428571428
32528,199403,0.0132013201320132
32310,199604,0.0
32213,200105,0.0237467018469656
32061,200804,0.0470588235294117
32061,201302,0.0491071428571428
32051,201803,0.0473933649289099
32111,200105,0.0237467018469656
32951,199403,0.0
32530,201302,0.0244988864142538
32055,201803,0.0166666666666666
32522,200105,0.0263565891472868
87021,200610,0.0
87021,201010,0.0163934426229508
87021,201109,0.0
87042,201810,0.0
87723,200610,0.0392156862745098
87422,200610,0.0
87630,201410,0.0212765957446808
87061,201010,0.0
87110,200610,0.0526315789473684
87110,201010,0.0508474576271186
87110,201109,0.0508474576271186
87110,201410,0.0357142857142857
87110,201810,0.0178571428571428
87901,201410,0.0384615384615384
87071,201010,0.0350877192982456
87071,201109,0.0
87071,201410,0.0833333333333333
87071,201810,0.0
87640,201810,0.0579710144927536
87423,200610,0.0163934426229508
87610,200610,0.0
87340,201410,0.0444444444444444
87340,201810,0.028169014084507
87062,201010,0.0317460317460317
87062,201109,0.0175438596491228
87062,201410,0.0416666666666666
87062,201810,0.0547945205479452
87730,201810,0.0
87620,201109,0.0
87041,200610,0.0454545454545454
88321,200010,0.0109356014580801
88042,200810,0.0421686746987951
88041,200410,0.0354609929078014
88951,201210,0.0658682634730539
88951,201610,0.0292207792207792
88951,202010,0.0378619153674833
88451,202010,0.030190431955411
88620,200010,0.0236065573770491
88620,200410,0.0037664783427495
88621,200810,0.0523327573438657
88621,201210,0.0553935860058309
88621,201610,0.0559540889526542
88621,202010,0.0193548387096774
88440,200410,0.0182648401826484
88440,201210,0.0364963503649635
88440,201610,0.0647321428571428
88440,202010,0.087512291052114
88450,200810,0.0359281437125748
88450,201210,0.0432432432432432
88450,201610,0.0554156171284634
88450,202010,0.0752
88430,200410,0.0154639175257731
88430,200810,0.0586907449209932
88420,200010,0.0596590909090909
88422,200010,0.0104947526236881
88820,201210,0.1136363636363636
88820,201610,0.0311475409836065
88820,202010,0.0263157894736842
88810,200010,0.0267857142857142
88320,200810,0.0059221658206429
88320,201210,0.077542062911485
88320,201610,0.0280777537796976
88320,202010,0.0537780803267528
88630,200810,0.0217391304347826
88410,200010,0.0378619153674833
88460,200810,0.0441176470588235
88460,201210,0.1141975308641975
88460,201610,0.0417827298050139
88322,202010,0.0492227979274611
88952,201210,0.0366300366300366
88820,200410,0.0310734463276836
88031,200410,0.0474967907573812
23520,200906,0.0312169312169312
23520,201310,0.0338983050847457
23420,201310,0.0421358517980385
23113,200406,0.0254335260115606
23113,200906,0.0868744098205854
23230,200906,0.0766283524904214
23230,201310,0.0556844547563805
23951,200406,0.0308191403081914
23951,200906,0.0382927802153968
23951,201310,0.0366424116424116
23520,200406,0.0295339178587909
23420,200406,0.0261172373766686
23420,200906,0.0719942404607631
23320,200406,0.039348710990502
23320,200906,0.0549494949494949
23320,201310,0.0369155045118949
23113,201310,0.0672917815774958
171601,200306,0.0358490566037735
171601,200607,0.0511221945137157
171601,200907,0.0532544378698224
171601,201207,0.0923566878980891
171601,201506,0.0529695024077046
171601,201807,0.04251968503937
171032,200607,0.057391304347826
171311,201506,0.0284237726098191
171033,200607,0.0449101796407185
171305,200306,0.037037037037037
171305,200907,0.043424317617866
171305,201207,0.0643086816720257
171305,201506,0.0643939393939393
171305,201807,0.0262295081967213
171301,200306,0.046068796068796
171301,200907,0.0456919060052219
171301,201207,0.0776636713735558
171301,201506,0.0553562275756022
171301,201807,0.0483689538807649
171101,200306,0.0364145658263305
171101,200907,0.0915243312922977
171101,201207,0.1935881627620222
171101,201506,0.1494518176572417
171210,201506,0.019108280254777
171210,201807,0.0608108108108108
22953,201209,0.0196078431372549
22953,201703,0.0263157894736842
22953,202103,0.0373443983402489
22711,199405,0.0387596899224806
22521,199405,0.0321324245374878
22521,199805,0.0221361372440509
22521,200205,0.0388265746333045
22521,200611,0.0544554455445544
22521,201006,0.0522774327122153
22521,201209,0.0328836424957841
22521,201703,0.0184005661712668
22521,202103,0.0455607476635514
22526,200205,0.0400175901495162
22526,200611,0.0504700643245917
22526,201006,0.0554128440366972
22526,201209,0.0488259411106969
22526,201703,0.0653876272513704
22526,202103,0.0722095671981776
22321,201703,0.0380184331797235
22321,202103,0.0559741657696447
22330,199405,0.0345884413309982
22330,199805,0.0503891847603441
22330,200205,0.0351043643263757
22330,200301,0.0124610591900311
22330,200611,0.0492676431424767
22330,201006,0.0743687305430646
22330,201209,0.0575013068478829
22330,201703,0.0737036062121611
22330,202103,0.0862736171181424
22820,202103,0.0692695214105793
22730,201703,0.0281124497991967
22730,202103,0.060782681099084
22954,199405,0.052518756698821
22110,199405,0.040667361835245
22110,199805,0.0422322775263951
22110,200205,0.0594879518072289
22110,200301,0.0140845070422535
22110,200611,0.0419947506561679
22110,201006,0.0770226537216828
22110,201209,0.0933156849768365
22110,201703,0.0784832451499118
22110,202103,0.0985277463193658
22320,199405,0.0438465371200797
22320,199805,0.0337078651685393
22320,200205,0.0377609951132829
22320,200301,0.0236220472440944
22320,200611,0.0261293179805137
22320,201006,0.0341521869382864
22320,201209,0.0397520058351568
22320,201703,0.0545121392579019
22320,202103,0.0460526315789473
22720,200301,0.050887573964497
22951,200611,0.0361305361305361
22951,201006,0.1003690036900369
22951,201209,0.0966386554621848
22951,201703,0.1201686577652846
22951,202103,0.1436865021770682
22722,200611,0.0307692307692307
22722,201006,0.0567484662576687
22722,201209,0.032
22722,201703,0.05
22722,202103,0.0888575458392101
22420,199405,0.0178926441351888
22420,199805,0.0192307692307692
22420,200205,0.0274621212121212
22420,200301,0.0257510729613733
22420,200611,0.0295748613678373
22420,201006,0.0289855072463768
22420,201209,0.0186480186480186
22420,201703,0.0496251338807568
22420,202103,0.0716302046577276
22528,199405,0.0524252817246447
22528,199805,0.0350640593391773
22527,199405,0.0245587106676899
22527,199805,0.0193798449612403
22952,199405,0.0366492146596858
22952,199805,0.0162469536961819
22952,200205,0.0190930787589498
22952,200611,0.0211591536338546
22952,201006,0.034096444227959
22952,201209,0.0382059800664451
22952,201703,0.0512494705633206
22952,202103,0.0485232067510548
22731,202103,0.0809667673716012
22220,199405,0.0335689045936395
22220,199805,0.0195567144719687
22220,200205,0.0455407969639468
22220,200301,0.0443037974683544
22220,200611,0.024515393386545
22220,201006,0.051440329218107
22220,201209,0.054177545691906
22220,201703,0.07953216374269
22220,202103,0.0706666666666666
22240,202103,0.0272248243559718
22955,199405,0.0131004366812227
22235,202103,0.1241258741258741
64420,199610,0.0
64420,199911,0.0024875621890547
64420,200207,0.0101557210561949
64420,202010,0.0643500643500643
64110,200207,0.0410958904109589
64110,200509,0.1078431372549019
64110,200811,0.0972762645914396
64110,201111,0.0412371134020618
64110,201409,0.1716842961757526
64110,201709,0.0978070175438596
64110,202010,0.124022346368715
64951,199010,0.0407239819004524
64621,199311,0.0127551020408163
64621,199610,0.0
64621,199911,0.0239099859353023
64621,200207,0.0219853431045969
64621,201111,0.0098039215686274
64621,201409,0.0498737373737373
64621,201709,0.0647887323943662
64320,199010,0.0458660229330114
64320,199311,0.0317320405464962
64320,199610,0.0136986301369863
64320,199911,0.0254545454545454
64320,200207,0.0437521876093804
64320,200509,0.0079681274900398
64320,200811,0.0449101796407185
64320,201111,0.0159574468085106
64320,201409,0.0684931506849315
64320,201709,0.070722433460076
64320,202010,0.0635930047694753
64620,199010,0.0234741784037558
64620,199311,0.0359042553191489
64620,199610,0.0222717149220489
64620,199911,0.0054054054054054
64620,200509,0.010752688172043
64620,200811,0.0069204152249134
64620,201111,0.0538247995064774
64620,201409,0.0427582797825012
64620,201709,0.081067472306143
64620,202010,0.056968463886063
64321,199311,0.0759162303664921
64321,199610,0.0398550724637681
64321,199911,0.0080645161290322
64421,200207,0.0
12810,199309,0.0672601384767556
12810,199709,0.0675675675675675
12810,200109,0.0743292240754169
12810,200509,0.0753807106598984
12810,200909,0.0956388676358071
12810,201309,0.0710928319623971
12810,201709,0.073096058170685
12520,199309,0.0486039296794208
12520,199709,0.039612676056338
12520,200109,0.0473251028806584
12520,200509,0.0651658767772511
12520,200909,0.0695843828715365
12520,201309,0.0853692012077957
12620,199309,0.0417061611374407
12620,199709,0.0308510638297872
12620,200109,0.0470890410958904
12620,200509,0.0507075471698113
12620,200909,0.0626223091976516
12620,201309,0.0622683469236471
12620,201709,0.0954616588419405
12110,201309,0.1448118586088939
12110,201709,0.139853747714808
12320,201309,0.0723071188967573
12320,201709,0.1238862961391599
12420,200509,0.061280383430332
12420,201309,0.0905557714729887
12320,199309,0.0362831858407079
12320,199709,0.0645380434782608
12320,200109,0.0597199341021416
12320,200509,0.0594059405940594
12320,200909,0.0784222737819025
12951,199309,0.0302216252518468
12951,199709,0.0346394094264622
12951,200109,0.0458049886621315
12951,200509,0.0542663334523384
12951,200909,0.0605913717886573
12951,201309,0.0512615138165798
12951,201709,0.053715020907044
12221,199309,0.0717054263565891
12221,199709,0.0802626778547975
12221,200109,0.0713938805245264
12221,200509,0.0507214691735898
12221,200909,0.0880546075085324
12221,201709,0.0833638025594149
160031,200905,0.0501066098081023
160061,199905,0.0194945848375451
160062,200905,0.0739910313901345
160061,201405,0.045016077170418
160031,200405,0.0308788598574821
160031,199905,0.0024038461538461
160061,200405,0.0219780219780219
160221,201405,0.0941704035874439
160221,201905,0.062564632885212
160041,199405,0.0403458213256484
160521,199405,0.0
160061,199405,0.0071428571428571
160630,200405,0.0244648318042813
160321,201405,0.0393120393120393
160624,199405,0.0204081632653061
160062,201905,0.0532128514056224
160954,201905,0.0438756855575868
160955,201905,0.0659340659340659
160956,201905,0.0481283422459893
160031,201905,0.0336787564766839
160051,199905,0.011049723756906
160061,201905,0.0278637770897832
160953,199405,0.0152526215443279
160711,200405,0.0266666666666666
160031,199405,0.0329218106995884
160062,201405,0.031768953068592
92710,199110,0.03125
92710,199309,0.025
92210,199309,0.010204081632653
92410,199309,0.0163934426229508
92811,199309,0.0253164556962025
92322,199309,0.0
92040,201910,0.0718849840255591
92435,200509,0.0111287758346581
92435,200710,0.0182969739619985
92435,201110,0.0576131687242798
92435,201510,0.0347985347985348
92212,200109,0.0156862745098039
92070,201910,0.0743801652892562
92210,200509,0.0
92210,201110,0.0113550340651021
92953,199309,0.0
92953,200109,0.0
92953,200710,0.0
92953,201110,0.0625
92953,201510,0.0093457943925233
92953,201910,0.023076923076923
92720,201510,0.0201342281879194
92436,200509,0.0120967741935483
92436,200710,0.0330578512396694
92436,201110,0.0527175180779099
92436,201510,0.0329376854599406
92436,201910,0.0409587378640776
92713,200109,0.0526315789473684
92021,200710,0.0282426778242677
92450,201510,0.0419580419580419
92440,201110,0.008130081300813
92431,199110,0.0330188679245283
92050,201910,0.1348039215686274
92811,200109,0.0079365079365079
92811,200509,0.0153846153846153
92811,200710,0.0240963855421686
92811,201110,0.0614754098360655
92811,201510,0.0142045454545454
92622,200109,0.0161290322580645
92622,200509,0.0108695652173913
92455,201910,0.0408921933085501
92023,201910,0.0765027322404371
92022,201510,0.0677731673582296
35110,200203,0.125
35110,200502,0.0969696969696969
35110,201106,0.1068702290076335
35110,201510,0.1066176470588235
35110,201910,0.1090047393364928
35720,201910,0.0119165839126117
35130,201910,0.0866666666666666
35211,199910,0.0321782178217821
35211,200502,0.0793339862879529
35211,201106,0.0835284933645589
35211,201510,0.0475763016157989
35211,201910,0.0902050113895216
35410,201910,0.0564459930313588
35120,201510,0.0780189959294437
35120,201910,0.0892950391644908
35060,201510,0.0551061678463094
35220,199110,0.0174374526156178
35220,199510,0.0249161475802587
35220,199910,0.028976936723832
35220,200203,0.0216253923962329
35220,201106,0.0283018867924528
35220,201510,0.0334996436208125
35220,201910,0.0358680057388809
35520,201106,0.0123152709359605
35520,201910,0.0516528925619834
35313,199110,0.0350609756097561
35313,199510,0.025
35313,199910,0.0158343483556638
35313,200203,0.0226095148374941
35313,200502,0.0607071380920613
35313,201106,0.0445062586926286
35313,201910,0.0779363336992316
35311,199110,0.0290739411342426
35311,199510,0.0249042145593869
35311,199910,0.0207829869502174
35311,200203,0.0223295111647555
35311,200502,0.0176046945852227
35311,201106,0.036697247706422
35311,201510,0.0619469026548672
35311,201910,0.1009716941275876
35229,200502,0.0479599141016463
93420,201612,0.0
93411,199611,0.0384615384615384
93530,200811,0.0452488687782805
93221,200011,0.007168458781362
93712,199611,0.0333333333333333
93712,200011,0.0609756097560975
93712,200411,0.037037037037037
93951,199611,0.0038022813688212
93951,200011,0.0146443514644351
93951,200411,0.0089418777943368
93951,200811,0.0144927536231884
93951,201212,0.0201660735468564
93951,201612,0.0
93041,200411,0.0099009900990099
93430,200011,0.0053191489361702
93430,200811,0.0885416666666666
93430,201612,0.0829268292682926
93001,200411,0.0
93223,199611,0.0293040293040293
93540,201612,0.0623376623376623
93981,201212,0.0833333333333333
93061,201212,0.0412371134020618
93711,199611,0.0263157894736842
93440,201612,0.0551330798479087
93223,201612,0.0341981132075471
93002,200811,0.0725075528700906
93223,200011,0.0185185185185185
93322,199611,0.0131578947368421
93031,201212,0.0835380835380835
96952,199006,0.0
96220,199206,0.0067567567567567
96424,200209,0.015625
96955,201006,0.0436893203883495
96955,201203,0.0057803468208092
96955,201603,0.0126953125
96521,199006,0.0
96521,199409,0.0216216216216216
96521,200209,0.0094637223974763
96521,200606,0.0201612903225806
96521,201006,0.0569536423841059
96521,201203,0.0530973451327433
96521,201603,0.0311284046692607
96610,201006,0.040590405904059
96222,200209,0.0046728971962616
96421,199409,0.0063559322033898
96423,200209,0.0159362549800796
96423,200606,0.0371134020618556
96423,201006,0.0323450134770889
96423,201203,0.04
96423,201603,0.0638297872340425
96440,201006,0.0269299820466786
96440,201203,0.0378057820607857
96440,201603,0.0486522024983563
96111,199006,0.0765027322404371
96720,201603,0.0229885057471264
96711,200209,0.0106382978723404
96711,200606,0.023076923076923
96711,201006,0.0389610389610389
96630,201603,0.0288184438040345
96620,201203,0.0113378684807256
96620,201603,0.0215015861825872
96952,200209,0.0072992700729927
96952,200606,0.0324561403508771
96430,199006,0.0197044334975369
96522,199809,0.0173160173160173
96523,200209,0.0083565459610027
96523,200606,0.0164102564102564
96523,201006,0.0343601895734597
96523,201203,0.0447019867549668
96710,200606,0.0238305383936451
96710,201006,0.0308747855917667
96710,201203,0.0167364016736401
96710,201603,0.0110803324099723
96725,201603,0.0332541567695962
97460,201407,0.0431965442764578
97951,200410,0.0075187969924812
97951,200809,0.0053619302949061
97951,201112,0.0472813238770685
97951,201407,0.0481012658227848
97951,201806,0.0436241610738255
97440,200809,0.0989010989010989
97440,201112,0.052772808586762
97450,201112,0.0
97421,200410,0.0359749739311783
97421,200809,0.0872600349040139
97421,201112,0.0218295218295218
97341,201806,0.0604026845637583
97461,201806,0.0392156862745098
97522,200410,0.0175328741390106
97522,200809,0.0333863275039745
97522,201112,0.0444104134762634
97522,201407,0.015130674002751
97522,201806,0.047486033519553
97460,201806,0.0691056910569105
97461,201407,0.0410958904109589
97330,200410,0.0161870503597122
97330,200809,0.0488656195462478
97330,201112,0.0365965233302836
97330,201407,0.017094017094017
97330,201806,0.0258064516129032
97710,200410,0.0060975609756097
97710,200809,0.0503597122302158
97710,201112,0.0450281425891182
97710,201806,0.0078740157480314
97521,200410,0.0
97521,200809,0.0582306830907054
97521,201112,0.0687203791469194
97322,200410,0.0190174326465927
97322,200809,0.0384415584415584
97322,201112,0.0532710280373831
97322,201407,0.0512820512820512
97322,201806,0.0434782608695652
97230,201806,0.0338028169014084
97020,201407,0.0308123249299719
97340,201112,0.0208333333333333
33905,200803,0.0457516339869281
33905,201111,0.0390334572490706
33905,201512,0.0283333333333333
33905,201911,0.0456233421750663
33098,201512,0.0733850129198966
33611,199306,0.0
33611,200403,0.031475868500816
33611,200803,0.0302114803625377
33611,201111,0.0458817025981205
33099,201512,0.0446985446985447
33096,201512,0.0507278341420379
33096,201606,0.051168945743273
33914,201911,0.1126126126126126
33915,201911,0.0625
33912,201911,0.0629004076878276
33908,200003,0.0311890838206627
33908,200403,0.0211307824100514
33908,200803,0.0300957592339261
33908,201111,0.0576923076923076
33908,201911,0.0452898550724637
33097,201512,0.048780487804878
33092,201111,0.0161290322580645
33906,200403,0.0285714285714285
33909,200403,0.0260115606936416
33909,200803,0.0489977728285077
33095,201512,0.0175438596491228
33095,201606,0.037037037037037
33095,201904,0.0
33095,201911,0.0405405405405405
33902,199603,0.0289855072463768
33902,200003,0.0424028268551236
33902,200803,0.0579268292682926
33902,201111,0.0714285714285714
33902,201512,0.0753424657534246
33902,201606,0.0741573033707865
33902,201904,0.1160458452722063
33902,201911,0.115819209039548
33903,200803,0.0535455861070911
33907,199603,0.0207146556188503
33907,200003,0.0396270396270396
33907,200403,0.0456570155902004
33907,200803,0.0602696272799365
33907,201111,0.0653753026634382
33907,201512,0.0581929555895865
33907,201606,0.0542986425339366
33907,201904,0.0448275862068965
33907,201911,0.0766283524904214
33905,201606,0.036241610738255
33905,201904,0.0438837081733406
33512,199306,0.0
33420,201512,0.0514399205561072
33420,201606,0.0638554216867469
33420,201904,0.0301204819277108
33420,201911,0.0305851063829787
33093,201111,0.0747899159663865
33611,200003,0.0185497470489038
33911,201606,0.0456777996070726
33612,201111,0.0761772853185595
33091,201111,0.0532060027285129
33097,201606,0.0401146131805157
33914,201904,0.0597484276729559
33230,201911,0.0865874363327674
33910,200403,0.0571428571428571
33610,199306,0.0205128205128205
33610,199603,0.03150112504018
33610,200003,0.0164335664335664
33610,200403,0.0340873876665633
33610,200803,0.0483644859813084
33610,201111,0.0296069423175089
33610,201512,0.0428751576292559
33610,201606,0.0424548129466162
33610,201904,0.0453767123287671
33610,201911,0.0472813238770685
33020,201512,0.0383141762452107
33913,201904,0.0
33320,199306,0.0313199105145413
33320,199603,0.0384615384615384
33320,200003,0.0235467255334805
33320,200403,0.0135046113306982
33320,200803,0.0435049019607843
33320,201111,0.0543087971274685
33320,201512,0.0379946043165467
33320,201606,0.0372073578595317
33320,201904,0.0344210996870809
33320,201911,0.0634615384615384
33916,201911,0.0727272727272727
33912,201904,0.0655441972339146
33440,201111,0.0537790697674418
33220,199306,0.0213611525086934
33220,199603,0.0471841704718417
33220,200003,0.04796992481203
33220,200403,0.0245261984392419
33220,200803,0.0216411181244364
33220,201111,0.0361786319954776
33220,201904,0.0499725425590334
33220,201911,0.049618320610687
33025,201606,0.1149425287356321
33098,201606,0.0719315895372233
33710,201904,0.0276679841897233
33710,201911,0.0295566502463054
33210,201512,0.0419058553386911
33210,201606,0.0407577497129735
33210,201904,0.0670147954743255
33210,201911,0.0629742033383915
11810,199109,0.089430894308943
11810,199409,0.05625
11810,199809,0.0294117647058823
11810,200209,0.00625
11810,200609,0.0924092409240924
11810,201009,0.1614285714285714
11810,201409,0.1846965699208443
11810,201809,0.1177777777777777
11810,202209,0.101933216168717
11520,199109,0.0
11520,199409,0.0158730158730158
11520,199809,0.0333333333333333
11520,200209,0.0527950310559006
11520,200609,0.0672268907563025
11520,201009,0.0421286031042128
11520,201409,0.0394736842105263
11520,201809,0.0
11520,202209,0.1015625
11110,199109,0.1666666666666666
11110,199409,0.0945945945945946
11110,199809,0.119047619047619
11110,200209,0.05
11110,200609,0.0722222222222222
11110,201009,0.1228813559322034
11110,201409,0.1052631578947368
11110,201809,0.1256454388984509
11110,202209,0.1660516605166051
11220,199109,0.0588235294117647
11220,199409,0.0411764705882352
11220,199809,0.0643086816720257
11220,200209,0.0225563909774436
11220,200609,0.0401146131805157
11220,201009,0.0638297872340425
11220,201409,0.0617977528089887
11220,201809,0.0485893416927899
11220,202209,0.1147186147186147
11420,199109,0.0190114068441064
11420,199409,0.0
11420,199809,0.036144578313253
11420,200209,0.0403225806451612
11420,200609,0.0385259631490787
11420,201009,0.0557491289198606
11420,201409,0.0447058823529411
11420,201809,0.0492610837438423
11420,202209,0.0978260869565217
11620,199109,0.0236966824644549
11620,199409,0.031578947368421
11620,199809,0.0388349514563106
11620,200209,0.0275
11620,200609,0.0775656324582338
11620,201009,0.0608747044917257
11620,201409,0.0544554455445544
11620,201809,0.0548902195608782
11620,202209,0.0982264665757162
11951,199109,0.0495626822157434
11320,199109,0.0390625
11320,199409,0.0142180094786729
11320,199809,0.0042553191489361
11320,200209,0.0192307692307692
11320,200609,0.0503978779840848
11320,201009,0.0115830115830115
11320,201409,0.0552380952380952
11320,201809,0.0468227424749163
11320,202209,0.1586402266288951
11710,201009,0.0206185567010309
11710,201409,0.0259740259740259
11710,201809,0.0258215962441314
11710,202209,0.0708841463414634
43520,199110,0.0448179271708683
43520,199510,0.0
43520,199910,0.0900514579759862
43520,200310,0.0202020202020202
43520,200710,0.1472868217054263
43520,201110,0.1104294478527607
43520,201510,0.04
43520,201910,0.0741935483870967
43811,201110,0.1219512195121951
43420,201110,0.0384615384615384
43420,201510,0.0
43420,201910,0.1115384615384615
43120,201110,0.1034482758620689
43120,201910,0.0928571428571428
43110,199110,0.0700934579439252
43110,199510,0.1382978723404255
43110,200310,0.0705128205128205
43110,200710,0.1479713603818615
43110,201110,0.1655629139072847
43110,201510,0.1082164328657314
43110,201910,0.1430868167202572
43420,199110,0.0070671378091872
43420,199510,0.0041322314049586
43420,199910,0.0127226463104325
43420,200310,0.0272952853598014
43420,200710,0.0075757575757575
43320,199110,0.0586080586080586
43320,199510,0.0634920634920634
43320,199910,0.0388888888888888
43320,200310,0.0455136540962288
43320,200710,0.0659340659340659
43320,201110,0.0857142857142857
43320,201510,0.0551724137931034
43320,201910,0.1788617886178861
43951,199110,0.1385390428211587
43810,199110,0.0497737556561085
43810,199510,0.0172413793103448
43810,199910,0.0407949790794979
43810,200310,0.0422832980972515
43810,200710,0.0439739413680781
43810,201110,0.0220588235294117
43810,201510,0.0438066465256797
43810,201910,0.057759220598469
51430,201912,0.0806451612903225
51620,199204,0.0454254638515674
51620,199705,0.0124113475177304
51620,200106,0.0198863636363636
51620,200505,0.0147783251231527
51620,201505,0.0449134199134199
51620,201706,0.0424814565070802
51620,201912,0.0397350993377483
51903,201505,0.0041322314049586
51903,201706,0.0447058823529411
51903,201912,0.0559701492537313
51320,199204,0.0482115085536547
51320,199705,0.0267558528428093
51320,200106,0.0305299539170506
51320,200505,0.0398104265402843
51320,201505,0.0443587270973963
51320,201706,0.0527926549349655
51320,201912,0.0899940793368857
51421,199204,0.0903890160183066
51421,199705,0.0394304490690032
51421,200106,0.0808625336927223
51421,200505,0.0693568726355611
51421,201505,0.0892857142857142
51421,201706,0.0660633484162896
51421,201912,0.1140710382513661
51902,199705,0.0559796437659033
51902,200106,0.0386597938144329
51902,201505,0.067497403946002
51902,201706,0.0854978354978355
51902,201912,0.0971223021582733
51340,201505,0.0496613995485327
51340,201912,0.0951276102088167
51901,201505,0.0685840707964601
51901,201706,0.0764872521246459
51901,201912,0.0667351129363449
51621,201505,0.0649895178197065
51951,201505,0.0442779291553133
51951,201706,0.0362490149724192
51210,201505,0.0083102493074792
51210,201706,0.0054347826086956
51210,201912,0.0153846153846153
61320,199211,0.0512195121951219
61320,199611,0.0345744680851063
61320,200011,0.0251346499102333
61320,200411,0.0864197530864197
61320,200811,0.0927456382001836
61320,201211,0.074820143884892
61320,201611,0.0808423913043478
61320,202011,0.0724033358605003
61620,199211,0.0526315789473684
61620,199611,0.0409165302782324
61620,200011,0.0552519732847601
61620,200411,0.0329896907216494
61620,200811,0.0811051693404634
61620,201211,0.0504249291784702
61620,201611,0.0400736987563334
61620,202011,0.0400921658986175
162310,201410,0.0292959133431807
162410,201410,0.0532424930608125
162610,201410,0.0486985726280436
150021,201510,0.0471698113207547
150022,200304,0.0267558528428093
150023,200710,0.025615763546798
150025,200710,0.0384615384615384
150025,201510,0.0958904109589041
150025,201910,0.0357941834451901
150026,201310,0.0343007915567282
150027,200710,0.0
150031,200710,0.054054054054054
150033,201910,0.031055900621118
150062,201510,0.0520833333333333
150062,201910,0.0172413793103448
150205,200304,0.0
150210,200304,0.0153621068032187
150220,200906,0.0178571428571428
150221,200906,0.0638977635782747
150222,200906,0.0284360189573459
150230,201110,0.009090909090909
150301,201110,0.0606060606060606
150401,200304,0.0035335689045936
155021,199912,0.0074946466809421
155023,200912,0.0492359932088285
155025,200912,0.043859649122807
155027,202111,0.055532870559412
155030,202111,0.1001137656427758
155061,199912,0.0093776641091219
155061,202111,0.06805125939019
155062,202111,0.0774621910734046
155201,201711,0.0218181818181818
155201,202111,0.0477157360406091
155401,202111,0.0810210876803551
155980,201711,0.0217176702862783
